Author Username,Date,Comment
frenovative,2023-11-30 19:51:22,"Quality:Good

Fast delivery and parcel is nicely wrapped. Thanks for the gift card. This is the 2nd time I bought from Pandora. 
Highly recommended  ğŸŒŸğŸŒŸğŸŒŸğŸŒŸğŸŒŸ"
showbeauty21,2023-09-01 10:36:13,"Good product, good quality, good service and fast delivery ğŸšš"
azri799,2023-08-20 19:50:23,"Nice quality silver, affordable with price good brand, just want know durability"
boonjacky94,2023-11-06 10:27:40,"Quality:nice

The box is broken. Please improve the packaging.
A bit sad when open seeing this broken box...ğŸ˜”ğŸ˜”ğŸ˜” 
Delivery is fastğŸ‘"
yishen21,2023-12-17 22:43:19,"Thank you so much 
Good packing and fast delivery 
Will buy again 
So beautiful 
I like it"
n*****h,2023-11-06 22:54:08,"Quality:nice

Good service nice ğŸ¥°ğŸ¥°ğŸ¥° thank you for the good packaging but no voucherğŸ¥º"
m*****_,2023-10-31 15:04:58,"Quality:nice

It's so lovely a same as the photos. Thank seller for well packaged, fast delivery and hope the necklace last longğŸ¥°."
mark_grey_angelo,2023-10-13 18:21:36,"Quality:Pandora quality

well packaged, only the gift bag is a bit wrinkled, besides all that, perfect."
alifasyraf_norizal,2023-08-08 21:39:06,Barang dah sampai dengan selamat! Penghantaran sgt pantas! Order placed 6/8 and barang sampai 8/8!
e*****5,2024-01-19 23:40:01,"Quality:seperti dalam gambar

Penghantaran diterima mengikut masa yang dianggarkan. Pembungkusan kemas dalam keadaan baik. Dapat paperbag Pandora."
leotwc,2024-02-04 13:54:42,"Quality:not bad

ğŸ’¨ fast delivery ğŸšš 
Looking good ğŸ‘ 
Not bad
Got give 1 Pandora small paper bag"
l*****3,2023-08-27 23:23:58,"Quality:Good

Received with fast delivery and good condition, thanks so much â¤ï¸â¤ï¸"
azwanhidayat,2024-02-13 15:54:54,"Quality:excellent

my girlfriend is very happy with the product, everything is good although box have small dent ğŸ˜‡"
a*****_,2023-06-08 10:59:44,"Quality:good

Received in good condition, fast delivery, secured packaging. Tiptop!"
j*****i,2023-11-16 08:42:11,"Thanks for the fast delivery
Loving this purchase 
Thanks pandora"
a*****l,2023-08-16 20:54:02,"Quality:Perfect Quality

Thankyou seller ! the shipping was fast. The items arrived safely. Received the parcel correctly and without damaged. Good service !"
y*****7,2024-03-08 14:05:14,"Quality:good product quality

Fast response and seller is very kind. I got the paper bag and gift card that i ask. Thank you seller."
joeyeng,2024-01-01 10:27:37,"Fast delivery and nice seller thx
Good product
Good product"
jj_10_10,2024-02-04 20:39:52,"Nice and beautiful, fast delivery. Recommended seller keep it up"
nazmigedebe,2023-11-18 15:55:20,"Quality:looking like premium grade

Im happy with the product. Will repeat"
m*****9,2023-07-02 17:02:22,"Quality:ğŸ‘ğŸ‘ğŸ‘ğŸ‘ğŸ‘ğŸ‘ğŸ‘

fast deliveryï¼Œvalue buyğŸ¥°ğŸ¥°ğŸ¥°ğŸ¥°hope she'll love it"
sfkueh,2023-12-05 19:53:15,received in good condition and fast deliveryâ€¦ ğŸ˜€ğŸ˜€ğŸ˜€ğŸ˜€ğŸ˜€ğŸ˜€
a*****1,2024-02-05 20:16:12,"Quality:good

So small but so cute. Bought it as a gift to my friend. Hope she likes it"
f*****p,2023-12-01 07:58:05,"Quality:love it so muchhh

got this as a gift from husband. love it so muchhh"
a*****t,2024-02-03 00:02:10,"Quality:Superb

Bought it for my other half, it is to her liking ğŸ¤©."
n*****h,2023-08-01 00:47:16,bagus penghantaran sangat pantass terbaikk boleh repeat lagi pasni
a*****e,2024-02-21 16:33:13,"Quality:high quality

It's beautiful. Thankyou"
eywanchew,2023-11-17 19:04:40,"Quality:perfect

Delivery pantas, memang pandora"
4zr1n4,2023-07-23 19:47:18,Quality:Design and the quality so nice
jeffchan520,2023-10-01 08:57:11,"Good good, good value of money, so beautiful, fast delivery"
s*****y,2023-11-28 19:55:21,"Quality:good

its so pretty omgğŸ¥¹ thank you so much seller. next, wanna buy ring!ğŸ˜œ"
aqip_12,2023-10-10 14:43:35,Barang dalam keadaan yg selamat dan cantik
ehsan.azahar,2023-12-15 07:14:42,Quality:Good Quality and Fast Delivery ğŸ’¨
ghha12,2024-03-24 21:53:32,the goods is neatly packed ğŸ™‚â€â†•ï¸
s*****i,2024-02-20 18:53:34,"donâ€™t judge anythings by itâ€™s cover, i think just like this is more than impressive"
s*****l,2023-11-09 14:22:59,
jitboy7,2023-11-10 10:24:20,
hudaramizan,2023-12-22 23:37:42,
v*****6,2023-12-18 22:49:04,"Quality:Good ğŸ‘ğŸ»

å¾ˆæ¼‚äº®ï¼è¿˜æœ‰å¾ˆå¤šæ¬¾å¼å¾ˆæƒ³è¦ï¼ï¼ï¼"
rikaandinatia,2023-12-15 17:59:07,barang sampai dengan baik
x1mrbnrgti,2023-11-17 12:51:14,good conditionğŸ‘ğŸ‘
johnson09200,2023-11-23 09:14:18,Quality:pandora mah
muhsinnnn,2023-10-22 00:53:16,
ongtienhee,2023-09-27 13:32:18,nice
a*****f,2023-10-06 14:06:04,
y*****i,2024-01-24 15:44:27,"Highly recommended ! Fast delivery, received in good condition, nice packaging with good quality products.. will buy from the seller again .."
w*****1,2024-03-27 08:49:38,Overall quite okay. She like this necklace. Value for money.
misrah_ayel,2024-03-11 14:14:43,Got some issue due out of stock..but everything good received. Legit! Thank you Pandora MY!
branula,2023-10-26 16:07:01,"Quality:superb

fast delivery..top quality"
nurreen,2023-12-01 11:45:46,Quality:sooooo good !
mohamadnurnazmi,2023-11-15 23:00:35,Saller pantas
kesava1291,2024-01-20 19:42:41,Quality:good
ixdrgpdjku,2024-01-01 22:17:32,Quality:good
nor3en,2023-09-14 21:19:51,"Quality:Superb

It's a beauty..."
kaisen_05,2023-11-01 21:13:26,Quality:good
akifffitri084,2023-08-03 07:31:42,Quality:very nice
vincent5226,2023-09-09 18:09:50,Quality:Good
fb5k2eghqx,2023-10-21 00:32:19,Beautiful
suzianarahmad,2023-10-14 16:09:50,So tiny rupanya but its beautiful ğŸ¥°
m*****1,2023-12-14 00:59:31,Awesome!
0624yifeng,2023-10-31 17:04:29,
laimeilian,2023-08-04 21:19:58,Fast delivery
khairilanas10,2023-11-20 21:10:57,
izzfizz,2023-11-21 12:29:05,
kiattiong.goh,2023-11-21 09:30:47,
mohdhazey23,2023-11-07 21:30:52,
pauline1430,2023-11-08 13:05:04,
syamimismail7,2023-08-17 17:06:42,
alfred_yong,2023-09-16 13:25:30,
shahidsaffii,2023-09-20 21:36:17,
l*****8,2023-09-09 10:38:09,
switie,2023-09-07 19:30:29,
c*****a,2023-08-31 17:27:21,
joerahmann,2023-10-01 20:25:46,
aliffirvine,2023-10-02 11:03:36,
yetanhtu,2023-10-27 22:02:35,
kejun8,2023-10-26 17:53:21,
obw1988,2023-11-29 20:12:02,
t*****g,2023-11-26 19:23:35,
muhammadkh4iry,2023-12-26 19:16:24,
nallenqqhar,2023-12-29 23:39:20,
kriegpsycho72,2024-01-03 00:34:32,
d*****g,2024-01-14 16:13:04,
n*****n,2024-01-18 20:21:36,
irsyadhaikal17,2024-01-23 00:23:19,
f*****i,2024-01-25 13:47:18,
yukilew,2024-02-05 02:33:34,
felicia6003,2024-02-08 19:37:40,
kanimohly,2024-02-11 03:26:57,
mskyraa,2024-02-13 09:20:02,
f*****0,2024-03-20 07:08:19,
m*****r,2024-03-26 06:07:25,
tracy_xuan,2023-10-25 22:45:35,
amoazri,2024-01-02 15:27:20,
vinraj25,2023-10-14 04:55:34,
yusfi_5656,2023-12-06 21:32:19,
amiruuulrasyid,2023-10-31 01:15:09,
neoshazreenwr,2023-12-07 14:33:38,
muhdafhamnajmuddin,2023-10-09 02:55:00,
praveenjieliang,2024-02-02 14:06:37,
